Id,code,Category,Location,sku == Partcode,Costs,RingRoll,RingRollDiameter,Material,Weight,OuterDiameter,InnerDiameter,InnerCompFactor,OuterCompFactor,Viscosity,WallThickness,OrificeSize,ErpID,UnityMeasureType
11,SEAL PLATE SEAPLAT102438,4,603,SEAPLAT102438,0,0,0,NULL,0,28,12.5,4,0,0,0,0,NULL,0
41,PISTON PIS102438SS,1,605,PIS102438SS,0,9,0,NULL,0,24,0,41.5,0,0,0,0,NULL,0
59,OUTER BRG OUT618IGUSSS,5,679,OUT618IGUSSS,0,0,0,NULL,0,13,6.5,5,0,0,0,0,NULL,0
457,SPACER IN10A,9,187,IN10A,0,0,0,NULL,0,20,12,4.5,0,0,0,0,NULL,0
113,SEAL HOUSING BRGHOUT6A,9,684,BRGHOUT6A,0,0,0,NULL,0,16,6,11,0,0,0,0,NULL,0
119,BACK UP RING BACKT6,4,675,BACKT6,0,0,0,NULL,0,10,7.5,0,0,0,0,0,NULL,0
40,PISTON PIS1028SS,1,652,PIS1028SS,0,5,0,NULL,0,14,0,30.5,0,0,0,0,NULL,0
779,GLOS14-28 LOCKING SLEEVE ROCKER M10,6,326,GLOS14-28LSRM10,0,0,0,,0,0,0,0,16,0,0,0,NULL,0
118,OUTER BRG BRG102438SS/28CF,5,609,BRG102438SS/28CF,0,0,0,,0,34,10.5,28,0,0,0,0,NULL,0
87,SPACER IN25ALUM,9,502,IN25ALUM,0,0,0,NULL,0,38,25,11,0,0,0,0,NULL,0
15,P/SLEEVE BUTTON PSB14SS,6,317,PSB14SS,0,0,0,,0,0,0,0,8,0,0,0,NULL,0
598,BAR ROD25SS304,13,RACK,ROD25SS304,0,0,0,,0,0,0,0,0,0,0,0,NULL,0
599,BAR ROD32SS304,13,RACK,ROD32SS304,0,0,0,,0,0,0,0,0,0,0,0,NULL,0
596,BAR ROD14SS304,13,RACK,ROD14SS304,0,0,0,,0,0,0,0,0,0,0,0,NULL,0
32,PISTON PIS14A,1,308,PIS14A,0,0,0,NULL,0,24,0,8,0,0,0,0.7,NULL,0
595,BAR ROD02SS,13,Rack,ROD02SS,0,0,0,,0,0,0,0,0,0,0,0,NULL,0
75,OUTER BRG WASHER MOD22W,5,432,MOD22W,0,0,0,NULL,0,34,22,2,0,0,0,0,NULL,0
605,P/SLEEVE BUTTON PSB10CSM10,6,240,PSB10CSM10,0,0,0,,0,0,0,0,5,0,0,0,NULL,0
603,OUTER BRG OUT10IGUSAL,5,241,OUT10IGUSAL,0,0,0,,0,20,10.5,7,0,0,0,0,NULL,0
84,OUTER BRG MO22OUTALUM,9,417,MO22OUTALUM,0,0,0,NULL,0,34,22,27,0,0,0,0,NULL,0
597,BAR ROD18SS304,13,RACK,ROD18SS304,0,0,0,,0,0,0,0,0,0,0,0,NULL,0
24,PISTON PIS25ALUM,1,516,PIS25ALUM,0,0,0,NULL,0,38,0,15,0,0,0,3.5,NULL,0
62,OUTER BRG OUT25ALUM,5,517,OUT25ALUM,0,0,0,NULL,0,38,25,23.5,0,0,0,0,NULL,0
91,SPACER IN08S,9,114,IN08S,0,0,0,NULL,0,16,10,4,0,0,0,0,NULL,0
26,PISTON PIS22L,1,407,PIS22L,0,0,0,NULL,0,32,0,15,0,0,0,1,NULL,0
592,SEP PISTON 6-15,6,130,PIS0615SEP,0,0,0,,0,13,6,6.5,0,0,0,0,NULL,0
604,VALVE BLOCK VB10CSM10,8,242,VB10CSM10,0,0,0,,0,20,5,16,0,0,0,0,NULL,0
35,PISTON PIS10AM8,1,205,PIS10AM8,0,0,0,NULL,0,20,0,8,0,0,0,0.7,NULL,0
601,SEAL 8166 POLY,5,102,SEAL8166DW,0,0,0,,0,16,8,6,0,0,0,0,NULL,0
780,GLOS14-28 LOCKING SLEEVE ROCKER M8,6,326,GLOS14-28LSRM8,0,0,0,,0,0,0,0,16,0,0,0,NULL,0
778,GLOS14-28 LOCKING SLEEVE 4MM RIVET DOME HEAD,6,326,GLOS14-28LSRDH,0,0,0,,0,0,0,0,0,0,0,0,NULL,0
67,OUTER BRG OUT1410IGUSSS,5,204,OUT1410IGUSSS,0,0,0,NULL,0,24,10.5,6.5,0,0,0,0,NULL,0
65,OUTER BRG OUT14IGUS,5,322,OUT14IGUS,0,0,0,NULL,0,24,14.5,6.5,0,0,0,0,NULL,0
9,SEAL PLATE SPAC102038,9,631,SPAC102038,0,0,0,NULL,0,34,12,7,0,0,0,0,NULL,0
27,PISTON PIS2234LB,1,415,PIS2234LB,0,0,0,NULL,0,34,0,15,0,0,0,1,NULL,0
63,OUTER BRG OUT22SS,5,408,OUT22SS,0,0,0,,0,34,22,29,0,0,0,0,NULL,0
20,PISTON PIS8A,1,113,PIS8A,0,0,0,,0,16,0,6.5,0,0,0,0.5,NULL,0
606,SEAL POLY 14247P,5,302,SEAL14247P,0,0,0,,0,24,14,7,0,0,0,0,NULL,0
56,OUTER BRG OUT8IGUS,5,110,OUT8IGUS,0,0,0,NULL,0,16,8.5,5,0,0,0,0,NULL,0
103,IGUS BEARING BRGIGUS2224,4,408,BRGIGUS2224,0,0,0,NULL,0,24,22,0,0,0,0,0,NULL,0
71,SEAL HOUSING MOT1028SH,9,657,MOT1028SH,0,0,0,NULL,0,24,20,23,0,0,0,0,NULL,0
42,PISTON PIS102038SSV,1,632,PIS102038SSV,0,9,0,NULL,0,20,0,41.5,0,0,0,0,NULL,0
107,IGUS BEARING BRGIGUS101210,4,628,BRGIGUS101210,0,0,0,NULL,0,0,0,0,0,0,0,0,NULL,0
97,END BLOCK EB1028S,12,658,EB1028S,0,0,0,,0,24,4,24,0,0,0,0,NULL,0
128,Eye Joint AA4201,7,50,AA4201,0,0,0,NULL,0,0,0,0,42,0,0,0,NULL,0
110,IGUS BEARING BRGIGUS08106,4,125,BRGIGUS08106,0,0,0,NULL,0,0,0,0,0,0,0,0,NULL,0
47,PISTON PIS06A,1,24,PIS06A,0,0,0,NULL,0,13,0,6.5,0,0,0,0.5,NULL,0
58,OUTER BRG OUT6IGUS,5,14,OUT6IGUS,0,0,0,NULL,0,13,6.5,5,0,0,0,0,NULL,0
159,Eye Joint AS2709,7,32A,AS2709,0,0,0,NULL,0,0,0,0,27,0,0,0,NULL,0
165,Rose Joints ASPE4300,7,82,ASPE4300,0,0,0,NULL,0,0,0,0,43,0,0,0,NULL,0
168,Rose Joints ASPN4300,7,9032,ASPN4300,0,0,0,NULL,0,0,0,0,43,0,0,0,NULL,0
149,Eye Joint AN2500,7,6,AN2500,0,0,0,NULL,0,0,0,0,25,0,0,0,NULL,0
151,Eye Joint AS1901,7,39A,AS1901,0,0,0,NULL,0,0,0,0,19,0,0,0,NULL,0
593,INNER TUB1210SS,11,Rack 1,TUB1210SS,0,0,0,,0,12,10,7,0,0,0,0,NULL,0
171,Rose Joints ASPS4300,7,186,ASPS4300,0,0,0,NULL,0,0,0,0,43,0,0,0,NULL,0
89,SPACER IN14S,9,307,IN14S,0,0,0,NULL,0,24,12,4.5,0,0,0,0,NULL,0
105,IGUS BEARING BRGIGUS141605,4,301,BRGIGUS141605,0,0,0,NULL,0,0,0,0,0,0,0,0,NULL,0
177,Fork Joint  GE2700,7,9031,GE2700,0,0,0,NULL,0,0,0,0,27,0,0,0,NULL,0
178,Fork Joint  GE3200,7,200,GE3200,0,0,0,NULL,0,0,0,0,32,0,0,0,NULL,0
268,SEAL SEAL1024S1N,5,216,SEAL1024S1N,0,0,0,,0,24,10,7,0,0,0,0,NULL,0
291,O-RING ORBS010AF70,4,676,ORBS010AF70,0,0,0,,0,10,6.5,1,0,0,0,0,NULL,0
513,SEP PIS SCREW M3,6,723,SCREWM3PANN6SS,0,0,0,,0,0,0,0,0,0,0,0,NULL,0
483,ROD SEAL INNER SEAL0613NMB,4,11,SEAL0613NMB,0,0,0,NULL,0,13,6,3,0,0,0,0,NULL,0
619,CIRCLIP CIRC2234,6,402,CIRC2234,0,0,0,,0,0,0,0,0,0,0,0,NULL,0
481,O-RING OR607178,4,105,OR607178,0,0,0,NULL,0,10,7,0,0,0,0,0,NULL,0
330,O-RING ROD OR0401N,4,105,OR0401N,0,0,0,NULL,0,0,0,0,0,0,0,0,NULL,0
345,BACK UP RING BACKT102438,4,602,BACKT102438,0,0,0,NULL,0,24,19.5,1.5,0,0,0,0,NULL,0
618,END CUP ECUP2238CS,6,400,ECUP2238CS,0,0,0,,0,0,0,0,3,0,0,0,NULL,0
305,O-RING OR222603V,4,421,OR222603V,0,0,0,NULL,0,34,29,3,0,0,0,0,NULL,0
622,PISTON PIS22LM 2X3MM HOLES,1,434,PIS22LM,0,0,0,,0,32,0,15,0,0,0,3,NULL,0
247,VALVE BLOCK SV06SSM5,8,5,SV06SSM5,0,0,0,,0,13,2,12,10,0,0,0,NULL,0
309,O-RING OR14V,4,311,OR14V,0,0,0,,0,24,20,3.5,0,0,0,0,NULL,0
304,O-RING OR222803N,4,410,OR222803N,0,0,0,,0,34,28,3,0,0,0,0,NULL,0
354,TUBE TUB223832C,2,Rack 1,TUB223832C,0,0,0,,0,38,34,0,0,0,0,0,NULL,0
209,Ball Joint WE4501,7,9031,WE4501,0,0,0,NULL,0,0,0,0,45,0,0,0,NULL,0
258,SEAL MB SEAL2230V,4,412,SEAL2230V,0,0,0,NULL,0,31,22,0,0,0,0,0,NULL,0
353,TUBE TUB3834S,2,Rack 1,TUB3834S,0,0,0,NULL,0,38,34,0,0,0,0,0,NULL,0
136,Eye Joint AE1601,7,9036,AE1601,0,0,0,NULL,0,0,0,0,16,0,0,0,NULL,0
137,Eye Joint AE1900,7,9036,AE1900,0,0,0,NULL,0,0,0,0,19,0,0,0,NULL,0
344,BACK UP RING BACKT1028P,4,651,BACKT1028P,0,0,0,NULL,0,16,11,1.5,0,0,0,0,NULL,0
379,ROD ROD14SSHCP/M10,3,Rack 1,ROD14SSHCP/M10,0,0,0,NULL,0,14,0,0,0,0,0,0,NULL,0
142,Eye Joint AE2301,7,9031,AE2301,0,0,0,NULL,0,0,0,0,23,0,0,0,NULL,0
143,Eye Joint AE2700,7,35,AE2700,0,0,0,NULL,0,0,0,0,27,0,0,0,NULL,0
264,SEAL MB SEAL1424NMB,5,306,SEAL1424NMB,0,0,0,NULL,0,24,14,4,0,0,0,0,NULL,0
144,Eye Joint AE2701,7,9036,AE2701,0,0,0,NULL,0,0,0,0,27,0,0,0,NULL,0
302,O-RING OR222835N,4,413,OR222835N,0,0,0,NULL,0,35,30,3,0,0,0,0,NULL,0
308,WIPER O-RING OR16270,4,629,OR16270,0,0,0,NULL,0,20,16.5,2,0,0,0,0,NULL,0
346,BACK UP RING BACKM8,4,627,BACKM8,0,0,0,NULL,0,20,15,1.5,0,0,0,0,NULL,0
156,Eye Joint AS2700,7,17,AS2700,0,0,0,NULL,0,0,0,0,27,0,0,0,NULL,0
157,Eye Joint AS2701,7,9032,AS2701,0,0,0,NULL,0,0,0,0,27,0,0,0,NULL,0
182,Fork Joint  GE4000,7,30,GE4000,0,0,0,NULL,0,0,0,0,40,0,0,0,NULL,0
394,SHRADER VALVE VCHP,6,221,VCHP,0,0,0,NULL,0,0,0,0,0,0,0,0,NULL,0
246,VALVE BLOCK SV08M8,8,108,SV08M8,0,0,0,,0,16,2,12,10,0,0,0,NULL,0
617,SEAL SEAL2230FLON4,4,429,SEAL2230FLON4,0,0,0,,0,30,22,7.5,0,0,0,0,NULL,0
621,O-RING OR222603N,4,411,OR222603N,0,0,0,,0,32,26,3,0,0,0,0,NULL,0
288,O-RING ORBS116AF70,4,601,ORBS116AF70,0,0,0,,0,24,19,2.5,0,0,0,0,NULL,0
623,PROTECTION SLEEVE TUB4439CS,10,RACK 1,TUB4439CS,0,0,0,,0,44,39.4,0,0,0,0,0,NULL,0
326,O-RING OR061015N,4,4,OR061015N,0,0,0,NULL,0,13,10,0,0,0,0,0,NULL,0
620,SLEEVE COLLAR COLSLV22CS,5,414,COLSLV25CS,0,0,0,,0,40,14,3,0,0,0,0,NULL,0
370,TUBE TUB06SS,2,2 & 4,TUB06SS,0,0,0,NULL,0,15,13,0,0,0,0,0,NULL,0
290,O-RING ORBS111AF70,4,650,ORBS111AF70,0,0,0,,0,16,12,2.5,0,0,0,0,NULL,0
366,INNER TUBE TUB1001SS,11,Rack 1,TUB1001SS,0,0,0,NULL,0,10,8,7,0,0,0,0,NULL,0
444,ROD ROD08SSHCP/M6-8mm,3,Rack 1,ROD08SSHCP/M6-8mm,0,0,0,NULL,0,8,0,0,0,0,0,0,NULL,0
440,ROD ROD08SSHCP/M6-10mm,3,Rack 1,ROD08SSHCP/M6-10mm,0,0,0,NULL,0,8,0,0,0,0,0,0,NULL,0
448,ROD ROD08SSHCP/M8-15mm,3,Rack 1,ROD08SSHCP/M8-15mm,0,0,0,NULL,0,8,0,0,0,0,0,0,NULL,0
455,VALVE BLOCK VB10CS8,8,37,VB10CS8,0,0,0,NULL,0,20,2,16,0,0,0,0,NULL,0
403,VALVE BLOCK VB102838S,8,610,VB102838S,0,10.5,0,NULL,0,14,2,0,19.5,0,0,0,NULL,0
421,END BLOCK MOT618PBSS5,12,687,MOT618PBSS5,0,0,0,NULL,0,12,0,17,0,0,0,0,NULL,0
425,VALVE BLOCK MO8VBSS6LONG,8,104,MO8VBSS6LONG,0,0,0,NULL,0,16,2,12,0,0,0,0,NULL,0
224,None M14,7,9032,M14,0,0,0,NULL,0,0,0,0,0,0,0,0,NULL,0
260,SEAL POLY SEAL22307DL,4,401,SEAL22307DL,0,0,0,,0,31,22,7,0,0,0,0,NULL,0
488,INNER TUBE TUB14SS,11,Rack 1,TUB14SS,0,0,0,,0,24,20,16,0,0,0,0,NULL,0
433,VALVE BLOCK M8VBLKS6,8,124,M8VBLKS6,0,0,0,NULL,0,16,2,12,0,0,0,0,NULL,0
446,P/SLEEVE BUTTON DRG 2460,6,n/a,DRG 2460,0,0,0,NULL,0,0,0,0,0,0,0,0,NULL,0
463,S/STAY LENGTH EXTENDER MOD14SSLE,6,318,MOD14SSLE,0,0,0,NULL,0,0,0,0,35,0,0,0,NULL,0
468,ROD ROD14SSHCP/M8,3,Rack 1,ROD14SSHCP/M8,0,0,0,NULL,0,14,0,0,0,0,0,0,NULL,0
450,ROD ROD08CSHCP/M6,3,Rack 1,ROD08CSHCP/M6,0,0,0,NULL,0,8,0,0,0,0,0,0,NULL,0
206,Ball Joint WE3001,7,11,WE3001,0,0,0,NULL,0,0,0,0,30,0,0,0,NULL,0
594,ROD ROD14CSHCP-M8/M10,3,,,,,,,,,,,,,,,,
461,SAFETY STAY NUT MOD14SSN,6,316,MOD14SSN,0,0,0,NULL,0,0,0,0,0,0,0,0,NULL,0
296,O-RING OR329N,4,514,OR329N,0,0,0,NULL,0,0,0,0,0,0,0,0,NULL,0
358,PROTECTION SLEEVE PTUB13416GSS,10,Rack 1,PTUB13416GSS,0,0,0,,0,32,29,0,0,0,0,0,NULL,0
607,BAR ROD28CSEN1A,13,RACK 2,ROD28CSEN1A,0,0,0,,0,28,0,0,0,0,0,0,NULL,0
369,ROD TUBE TUB06SS3HCP,3,Rack 1,TUB06SS3HCP,0,0,0,,0,6,0,0,0,0,0,0,NULL,0
453,PROTECTION SLEEVE TUB14SS,10,Rack 1,TUB14SS,0,0,0,,0,28,24,0,0,0,0,0,NULL,0
238,Ball Joint WS4500,7,98,WS4500,0,0,0,NULL,0,0,0,0,45,0,0,0,NULL,0
363,TUBE TUB10CS,2,Rack 1,TUB10CS,0,0,0,,0,23,20,0,0,0,0,0,NULL,0
456,PROTECTION SLEEVE PSTUB14CS,10,Rack 1,TUB14CS,0,0,0,,0,28,24,0,0,0,0,0,NULL,0
387,ROD ROD06CSHCP,3,Rack 1,ROD06CSHCP,0,0,0,,0,6,0,0,0,0,0,0,NULL,0
781,GLOS14-28 LOCKING SLEEVE TUBE,10,RACK 1,TUB11416GSS,0,0,0,,0,0,0,0,0,0,0,0,NULL,0
301,O-RING OR222835V,4,403,OR222835V,0,0,0,NULL,0,35,30,3,0,0,0,0,NULL,0
187,Fork Joint  GS4000,7,27,GS4000,0,0,0,NULL,0,0,0,0,40,0,0,0,NULL,0
231,Ball Joint WS2503,7,182,WS2503,0,0,0,NULL,0,0,0,0,25,0,0,0,NULL,0
376,ROD ROD22SSHCP,3,Rack 1,ROD22SSHCP,0,0,0,NULL,0,22,0,0,0,0,0,0,NULL,0
445,BCP BCP10BL,6,U4,BCP10BL,0,0,0,NULL,0,0,0,0,0,0,0,0,NULL,0
430,VALVE BLOCK MO22VBSSR,8,427,MO22VBSSR,0,0,0,NULL,0,34,4.5,23,0,0,0,0,NULL,0
287,ROD O-RING ORT100801N,4,626,ORT100801N,0,0,0,NULL,0,10,8.5,1,0,0,0,0,NULL,0
201,Ball Joint WE2502,7,9030,WE2502,0,0,0,NULL,0,0,0,0,25,0,0,0,NULL,0
229,Ball Joint WS2501,7,42,WS2501,0,0,0,NULL,0,0,0,0,25,0,0,0,NULL,0
230,Ball Joint WS2502,7,9033,WS2502,0,0,0,NULL,0,0,0,0,25,0,0,0,NULL,0
207,Ball Joint WE3500,7,22,WE3500,0,0,0,NULL,0,0,0,0,35,0,0,0,NULL,0
214,Ball Joint WN2001,7,9035,WN2001,0,0,0,NULL,0,0,0,0,20,0,0,0,NULL,0
223,None M10,7,0,M10,0,0,0,NULL,0,0,0,0,0,0,0,0,NULL,0
399,VALVE BLOCK VB10SS10,8,224,VB10SS10,0,0,0,,0,20,5,16,0,0,0,0,NULL,0
442,GRUB SCREW SCREWM4SOC4CO,6,722,SCREWM4SOC4CO,0,0,0,,0,0,0,0,0,0,0,0,NULL,0
298,O-RING OR25835N,4,430,OR25835N,0,0,0,NULL,0,0,0,0,0,0,0,0,NULL,0
299,O-RING OR253531N,4,513,OR253531N,0,0,0,NULL,0,38,32,3.5,0,0,0,0,NULL,0
458,ROD ROD10SSHCP/M10 18mm,3,Rack 1,ROD10SSHCP/M10 18mm,0,0,0,NULL,0,10,0,0,0,0,0,0,NULL,0
431,VALVE BLOCK MO22VBCSR,8,418,MO22VBCSR,0,0,0,NULL,0,34,4.5,23,0,0,0,0,NULL,0
466,ROD ROD14SSHCP/18mm,3,Rack 1,ROD14SSHCP/18mm,0,0,0,NULL,0,14,0,0,0,0,0,0,NULL,0
365,ROD TUBE TUB1004HCP,3,Rack 1,TUB1004HCP,0,0,0,NULL,0,10,0,0,0,0,0,0,NULL,0
472,ROD ROD22SSHCP/M14 24mm,3,Rack 1,ROD22SSHCP/M14 24mm,0,0,0,NULL,0,22,0,0,0,0,0,0,NULL,0
22,PISTON PIS61018SS,1,677,PIS61018SS,0,4,0,NULL,0,10,0,19,0,0,0,0,NULL,0
418,VALVE BLOCK MOT618VBSS5,8,685,MOT618VBSS5,0,10,0,NULL,0,6,2,0,15,0,0,0,NULL,0
14,P/SLEEVE BUTTON PSC22SS,,,,,,,,,,,,,,,,,
,6,"423""",PSC22SS,,,,,,,,,,,,,,,
,"0""",0,0,NULL,0,0,0,0,8,0,0,0,NULL,0,,,,
609,PSEUDONYM Prefix DE,0,n/a,Prefix DE,0,0,0,,0,0,0,0,0,0,0,0,NULL,0
406,VALVE BLOCK VB06SSM6,8,18,VB06SSM6,0,0,0,NULL,0,13,2,9.5,0,0,0,0,NULL,0
494,PSEUDONYM Prefix DS,0,n/a,Prefix DS,0,0,0,NULL,0,0,0,0,0,0,0,0,NULL,0
300,O-RING OR25332N,4,512,OR25332N,0,0,0,NULL,0,38,32,3,0,0,0,0,NULL,0
504,PSEUDOROD,5,n/a,PSEUDOROD,0,0,0,,0,8,8,0,5,0,0,0,NULL,0
610,PSEUDONYM CR GAS CHAMBER 1.0,14,,,,,,,,,,,,,,,,
510,S/STAY LENGTH EXTENDER MOD8SSLE ,6,120,MOD8SSLE,0,0,0,,0,0,0,0,27,0,0,0,NULL,0
424,VALVE BLOCK MOT1028VBSS8,8,653,MOT1028VBSS8,0,10.5,0,,0,14,2,0,19.5,0,0,0,NULL,0
490,PSEUDONYM Prefix TE,0,n/a,Prefix TE,0,0,0,NULL,0,0,0,0,0,0,0,0,NULL,0
4,SEP PISTON VENSEP14S,6,314,VENSEP14S,0,0,0,NULL,0,24,6,8,0,0,0,0,NULL,0
398,VALVE BLOCK VB14M8SS,8,324,VB14M8SS,0,0,0,NULL,0,24,2,18,0,0,0,0,NULL,0
465,P/SLEEVE BUTTON PSB14SS,6,317,PSB14SS,0,0,0,,0,0,0,0,8,0,0,0,NULL,0
377,ROD ROD22CSHCP,3,Rack 1,ROD22CSHCP,0,0,0,NULL,0,22,0,0,0,0,0,0,NULL,0
5,SEP PISTON VENSEP10S,6,218,VENSEP10S,0,0,0,NULL,0,20,6,8,0,0,0,0,NULL,0
492,ROD ROD14CSHCP/18mm,3,Rack 1,ROD14CSHCP/18mm,0,0,0,NULL,0,14,0,0,0,0,0,0,NULL,0
375,ROD ROD25CSHCP,3,Rack 1,ROD25CSHCP,0,0,0,NULL,0,25,0,0,0,0,0,0,NULL,0
412,VALVE BLOCK PORTBLK25,8,518,PORTBLK25,0,0,0,,0,45,7.5,88,0,0,0,0,NULL,0
473,TUBE TUB4535CS,2,Rack 1,TUB4535CS,0,0,0,,0,45,35,0,0,0,0,0,NULL,0
447,P/SLEEVE BUTTON PSB8SS304m8,6,129,PSB8SS304m8,0,0,0,,0,0,0,0,5,0,0,0,NULL,0
471,BCP BCP22BL,6,U4,BCP22BL,0,0,0,NULL,0,0,0,0,0,0,0,0,NULL,0
460,SAFETY STAY CUP MOD14SSC,6,315,MOD14SSC,0,0,0,NULL,0,0,0,0,22,0,0,0,NULL,0
234,Ball Joint WS3001,7,39,WS3001,0,0,0,NULL,0,0,0,0,30,0,0,0,NULL,0
502,PISTON PIS06A2WAY,1,21,PIS06A2WAY,0,0,0,,0,13,0,6.5,0,0,0,0.5,NULL,0
491,P/SLEEVE BUTTON PSB10SS304M8,6,238,PSB10SS304M8,0,0,0,,0,0,0,0,5,0,0,0,NULL,0
432,END BLOCK MO1028EBSS,12,656,MO1028EBSS,0,0,0,,0,24,16,24,0,0,0,0,NULL,0
441,BCP BCP06BL,6,U4,BCP06BL,0,0,0,NULL,0,0,0,0,0,0,0,0,NULL,0
511,WELDED EYE END AB09,7,0,WELDED-AB09,0,0,0,,0,0,0,0,0,0,0,0,NULL,0
274,SEAL SEAL08S57208N,5,116,SEAL08S57208N,0,0,0,,0,20,10,7,0,0,0,0,NULL,0
787,TEMPERATURE LABEL,6,428,TEMPLE,0,0,0,,0,0,0,0,0,0,0,0,NULL,0
235,Ball Joint WS3500,7,68,WS3500,0,0,0,NULL,0,0,0,0,35,0,0,0,NULL,0
438,END BLOCK EB102438S,12,608,EB102438S,0,0,0,,0,34,4,28,6,0,0,0,NULL,0
109,IGUS BEARING BRGIGUS0810,4,107,BRGIGUS0810,0,0,0,NULL,0,0,0,0,0,0,0,0,NULL,0
318,O-RING OR08N1315,4,106,OR08N1315,0,0,0,,0,16,13,1.5,0,0,0,0,NULL,0
245,VALVE BLOCK SV14SSM10,8,304,SV14SSM10,0,0,0,,0,24,2,18,13,0,0,0,NULL,0
634,ROD ROD10SSHCP/M8,3,Rack 1,ROD10SSHCP/M8,0,0,0,,0,10,0,0,0,0,0,0,NULL,0
236,Ball Joint WS3504,7,180,WS3504,0,0,0,NULL,0,0,0,0,35,0,0,0,NULL,0
489,P/SLEEVE BUTTON PSBTS1038SS304,6,611,PSBTS1038SS304,0,0,0,,0,0,0,0,5,0,0,0,NULL,0
459,PROTECTION SLEEVE PSTUB11416GSS,10,Rack 1 ,TUB11416GSS,0,0,0,,0,38,32,0,0,0,0,0,NULL,0
368,TUBE TUB08CS,2,Rack 1,TUB08CS,0,0,0,,0,18,16,0,0,0,0,0,NULL,0
385,ROD ROD08CSHCP/M8-10mm,3,Rack 1,ROD08CSHCP/M8,0,0,0,,0,8,0,0,0,0,0,0,NULL,0
405,VALVE BLOCK VB08CS,8,123,VB08CS,0,0,0,NULL,0,16,2,12,0,0,0,0,NULL,0
270,SEAL MB SEAL10203N,5,212,SEAL10203N,0,0,0,NULL,0,20,10,4,0,0,0,0,NULL,0
608,PISTON PIS8231WAY,1,129,PIS8231WAY,0,0,0,,0,20,8,8,0,0,0,0.7,NULL,0
495,PSEUDONYM CR GAS CHAMBER 1.6,14,n/a,CR GAS CHAMBER 1.6,0,0,0,,0,0,0,1.6,0,0,0,0,NULL,0
516,ROD ROD10SSHCP/M10 15mm,3,Rack 1,ROD10SSHCP/M10 15mm,,,,,,,,,,,,,,
521,,,,,,,,,,,,,,,,,,
520,VALVE BLOCK MO612SV,8,716,MO612SV,0,0,0,,0,10,2,9.5,0,0,0,0,NULL,0
522,SPACER IN06S12,9,718,IN06S12,0,0,0,,0,10,6,4.5,0,0,0,0,NULL,0
523,PISTON M0612PISAL,1,717,M0612PISAL,0,0,0,,0,10,5,6.5,0,0,0,0.4,NULL,0
320,WIPER O-RING OR0715N90,4,713,OR0715N90,0,0,0,NULL,0,10,7.5,0,0,0,0,0,NULL,0
529,ROD ROD08CSHCP/M5,3,Rack 1,ROD08CSHCP/M5,0,0,0,,0,8,0,0,0,0,0,0,NULL,0
1,P/SLEEVE BUTTON PSB10SSM10,6,238,PSB10SSM10,0,0,0,,0,0,0,0,5,0,0,0,NULL,0
263,SEAL VITON SEAL14VS17,5,313,SEAL14VS17,0,0,0,,0,24,14,7,0,0,0,0,NULL,0
515,PISTON 1 WAY GC PIS101WAYM10,1,219,PIS101WAYM10,0,0,0,,0,20,10,8,0,0,0,0.5,NULL,0
381,ROD ROD14CSHCP,3,Rack 1,ROD14CSHCP,0,0,0,,0,14,0,0,0,0,0,0,NULL,0
530,OUTER BRG OUT6IGUSAL,5,27,OUT6IGUSAL,0,0,0,,0,13,6.5,5,0,0,0,0,NULL,0
443,ALLEN KEY ALKEY2M,6,215,ALKEY2M,0,0,0,NULL,0,0,0,0,0,0,0,0,NULL,0
467,PLUNGER PLUM06SS,4,17,PLUM06SS,0,0,0,,0,5,2,3,0,0,0,0,NULL,0
462,SAFETY STAY TUBE STOP MOD14SSTS,6,315,MOD14SSTS,0,0,0,,0,0,0,0,8,0,0,0,NULL,0
464,LOCK NUT M10 NUTM10L,6,316,NUTM10L,0,0,0,,0,0,0,0,5,0,0,0,NULL,0
99,SLEEVE COLLAR COLSLV25CS,5,505,COLSLV25CS,0,0,0,,0,48,14,3,0,0,0,0,NULL,0
256,SEAL SEAL2534FLON4,4,500,SEAL2534FLON4,0,0,0,,0,35,25,7.5,0,0,0,0,NULL,0
474,PROTECTION SLEEVE TUB495445C,10,Rack 1,TUB495445C,0,0,0,NULL,0,51,46.74,0,0,0,0,0,NULL,0
475,END CUP ECUP2545CS,6,504,ECUP2545CS,0,0,0,NULL,0,0,0,0,3,0,0,0,NULL,0
476,PIN PIN2238VCNC,6,190,PIN2238VCNC,0,0,0,NULL,0,0,0,0,0,0,0,0,NULL,0
477,STAR WASHERS WASHER14ST,6,190,WASHER14ST,0,0,0,NULL,0,0,0,0,0,0,0,0,NULL,0
478,PLUG CIRC2538,6,405,CIRC2538,0,0,0,NULL,0,0,0,0,0,0,0,0,NULL,0
479,CIR CLIPS CIRC2538,6,501,CIRC2538,0,0,0,NULL,0,0,0,0,0,0,0,0,NULL,0
525,PLUG BSP4HDP,6,405,BSP4HDP,0,0,0,,0,0,0,0,0,0,0,0,NULL,0
526,PSEUDO CINCINATI C/B,5,0,PSEUDO CINCINATI C/B,0,0,0,,0,35,25,7.5,0,0,0,0,NULL,0
527,PSEUDO CINCINATI Collar,6,0,PSEUDO CINCINATI Collar,0,0,0,,0,35,25,0,8,0,0,0,NULL,0
276,ROD SEAL SEAL0613NMB,5,11,SEAL0613NMB,0,0,0,NULL,0,13,6,3,0,0,0,0,NULL,0
533,PSEUDONYM CR GAS CHAMBER 2.4,14,n/a,CR GAS CHAMBER 2.4,0,0,0,,0,0,0,3,0,0,0,0,NULL,0
517,PSEUDONYM CR GAS CHAMBER 1.7,14,n/a,CR GAS CHAMBER 1.7,0,0,0,,0,0,0,1.85,0,0,0,0,NULL,0
600,GRUB SCREW CONE POINT,6,105,SCSOC08M4,0,0,0,,0,6,4,0,0,0,0,0,NULL,0
624,ROD ROD22CSHCP/20,3,RACK 1,ROD22CSHCP/20,0,0,0,,0,22,0,0,0,0,0,0,NULL,0
625,SNAP RING MOD14SSSR,6,319,MOD14SSSR,0,0,0,,0,22.5,18.6,0,0,0,0,0,NULL,0
524,SEAL SEAL061003HECO,5,715,SEAL061003HECO,0,0,0,,0,10,6,3,0,0,0,0,NULL,0
501,ROD ROD08SS-NOHCP/M8-10mm,3,Rack 1,ROD08SS,0,0,0,0,0,8,0,0,0,0,0,0,NULL,0
531,SEAL POLY SEAL72410,5,220,SEAL72410,0,0,0,,0,24,10,7,0,0,0,0,NULL,0
57,OUTER BRG OUT823SS,5,111,OUT823SS,0,0,0,NULL,0,20,8.25,7,0,0,0,0,NULL,0
356,TUBE TUB14CS,2,Rack 1,TUB14CS,0,0,0,,0,28,24,0,0,0,0,0,NULL,0
782,ROD10SSHCP/M8/10MM,3,RACK 1,ROD10SSHCP,0,0,0,,0,10,0,0,0,0,0,0,NULL,0
496,PSEUDONYM CR GAS CHAMBER 2.0,14,n/a,CR GAS CHAMBER 2.0,0,0,0,,0,0,0,2,0,0,0,0,NULL,0
535,ROD ROD10CSHCP/M10 15mm,,,,,,,,,,,,,,,,,
514,O-RING OR002515,4,105,OR002515,0,0,0,,0,5,3,1.5,0,0,0,0,NULL,0
519,TUBE TUB1210SS,2,Rack 1,TUB1210SS,0,0,0,,0,12,10,0,0,0,0,0,NULL,0
310,O-RING OR14,4,305,OR14,0,0,0,NULL,0,24,20,3.5,0,0,0,0,NULL,0
289,O-RING ORBS113AF70,4,630,ORBS113AF70,0,0,0,,0,19,14.5,2.5,0,0,0,0,NULL,0
482,PSEUDONYM Prefix TS,0,n/a,Prefix TS,0,0,0,NULL,0,0,0,0,0,0,0,0,NULL,0
469,BCP BCP014BL,6,U4,BCP014BL,0,0,0,NULL,0,0,0,0,0,0,0,0,NULL,0
386,ROD ROD06SSHCP,3,2,ROD06SSHCP,0,0,0,NULL,0,6,0,0,0,0,0,0,NULL,0
532,SEP PISTON PIS0618SEP,6,121,PIS0618SEP,0,0,0,,0,16,6,8.5,0,0,0,0,NULL,0
122,Eye Joint AA1600,7,26,AA1600,0,0,0,NULL,0,0,0,0,16,0,0,0,NULL,0
133,Eye Joint AE1300,7,9031,AE1300,0,0,0,NULL,0,0,0,0,13,0,0,0,NULL,0
499,MODEL 8 LOCKING NUT LARGE FOR RITESTAY ,5,119,LOCKNUTLRSSS,0,0,0,,0,40,14,0,12,0,0,0,NULL,0
185,Fork Joint  GS3200,7,10,GS3200,0,0,0,NULL,0,0,0,0,32,0,0,0,NULL,0
232,Ball Joint WS3000,7,23,WS3000,0,0,0,NULL,0,0,0,0,30,0,0,0,NULL,0
269,SEAL SEAL1020DL,5,210,SEAL1020DL,0,0,0,NULL,0,20,10,6.5,0,0,0,0,NULL,0
773,GLOS8-18 LOCKING SLEEVE SPRING,6,132,GLOS8-18LSS,0,0,0,,0,0,0,0,0,0,0,0,NULL,0
153,Eye Joint AS1907,7,33,AS1907,0,0,0,NULL,0,0,0,0,19,0,0,0,NULL,0
537,O-RING OR10V VITON,4,207,OR10V,0,0,0,,0,20,15,2.5,0,0,0,0,NULL,0
774,GLOS8-18 LOCKING SLEEVE RIVET C/SINK HEAD,6,132,GLOS8-18LSRCH,0,0,0,,0,0,0,0,0,0,0,0,NULL,0
613,PISTON PIS0618A 1WAY,1,23,PIS0618A,0,0,0,,0,16,6,6.5,0,0,0,0.5,NULL,0
162,Rose Joints ASPE2700,7,9035,ASPE2700,0,0,0,NULL,0,0,0,0,27,0,0,0,NULL,0
541,Ball Bearing BB316S,4,325,BB316S,0,0,0,,0,5,1,2,0,0,0,0,NULL,0
163,Rose Joints ASPE3000,7,n/a,ASPE3000,0,0,0,NULL,0,0,0,0,30,0,0,0,NULL,0
167,Rose Joints ASPN2700,7,9033,ASPN2700,0,0,0,NULL,0,0,0,0,27,0,0,0,NULL,0
540,PISTON PIS14A2WAY,1,320,PIS14A2WAY,0,0,0,,0,24,0,8,0,0,0,0.7,NULL,0
584,BAR0116SI,13,UNIT4 OFFICE,BAR0116SI,0,0,0,NULL,0,0,0,0,0,0,0,0,NULL,0
205,Ball Joint WE3000,7,97,WE3000,0,0,0,NULL,0,0,0,0,30,0,0,0,NULL,0
583,BAR0015SI,13,UNIT 4 OFFICE,BAR0015SI,0,0,0,NULL,0,0,0,0,0,0,0,0,NULL,0
585,BAR0375A,13,1,BAR0375A,0,0,0,NULL,0,0,0,0,0,0,0,0,NULL,0
586,BAR1000A,13,1,BAR1000A,0,0,0,NULL,0,0,0,0,0,0,0,0,NULL,0
587,BAR125A,13,1,BAR125A,0,0,0,NULL,0,0,0,0,0,0,0,0,NULL,0
543,BAR15ALUM,13,1,BAR15ALUM,0,0,0,NULL,0,0,0,0,0,0,0,0,NULL,0
544,BAR1625L,13,1,BAR1625L,0,0,0,NULL,0,0,0,0,0,0,0,0,NULL,0
545,BAR175A,13,1,BAR175A,0,0,0,NULL,0,0,0,0,0,0,0,0,NULL,0
546,BAR2020AL,13,1,BAR2020AL,0,0,0,NULL,0,0,0,0,0,0,0,0,NULL,0
547,BAR20EN8M,13,1,BAR20EN8M,0,0,0,NULL,0,0,0,0,0,0,0,0,NULL,0
548,BAR25MS,13,1,BAR25MS,0,0,0,NULL,0,0,0,0,0,0,0,0,NULL,0
549,BAR25SS,13,1,BAR25SS,0,0,0,NULL,0,0,0,0,0,0,0,0,NULL,0
550,BAR30NYL,13,1,BAR30NYL,0,0,0,NULL,0,0,0,0,0,0,0,0,NULL,0
551,BAR34LB,13,1,BAR34LB,0,0,0,NULL,0,0,0,0,0,0,0,0,NULL,0
539,SEAL VITON SEAL10V,,,,,,,,,,,,,,,,,
772,GLOS8-18 LOCKING SLEEVE ROCKER,6,131,GLOS8-18LSR,0,0,0,,0,0,0,0,16,0,0,0,NULL,0
215,Ball Joint WN2501,7,9035,WN2501,0,0,0,NULL,0,0,0,0,25,0,0,0,NULL,0
217,Ball Joint WN3001,7,9030,WN3001,0,0,0,NULL,0,0,0,0,30,0,0,0,NULL,0
218,Ball Joint WN3002,7,9036,WN3002,0,0,0,NULL,0,0,0,0,30,0,0,0,NULL,0
775,GLOS8-18 LOCKING SLEEVE RIVET DOME HEAD,6,132,GLOS8-18LSRDH,0,0,0,,0,0,0,0,0,0,0,0,NULL,0
222,None M8,7,0,M8,0,0,0,NULL,0,0,0,0,0,0,0,0,NULL,0
175,Eye Joint As1600,7,19,As1600,0,0,0,NULL,0,0,0,0,16,0,0,0,NULL,0
225,Ball Joint WS2000,7,224,WS2000,0,0,0,NULL,0,0,0,0,20,0,0,0,NULL,0
777,ROD SEAL SEAL06134P,5,28,SEAL06134P,0,0,0,,0,13,6,4,0,0,0,0,NULL,0
227,Ball Joint WS2300,7,226,WS2300,0,0,0,NULL,0,0,0,0,23,0,0,0,NULL,0
228,Ball Joint WS2500,7,67,WS2500,0,0,0,NULL,0,0,0,0,25,0,0,0,NULL,0
233,Ball Joint WS3000A,7,9036,WS3000A,0,0,0,NULL,0,0,0,0,30,0,0,0,NULL,0
237,Ball Joint WS3530,7,77,WS3530,0,0,0,NULL,0,0,0,0,35,0,0,0,NULL,0
251,SEAL MB SEAL8163N,5,112,SEAL8163N,0,0,0,NULL,0,16,8,4,0,0,0,0,NULL,0
239,Ball Joint WUP3500,7,9032,WUP3500,0,0,0,NULL,0,0,0,0,35,0,0,0,NULL,0
500,"MODEL 8 BEARING HOUSING, RITESTAY",5,118,BRGHOURSSS,0,0,0,,0,16,8,13,3.5,0,0,0,NULL,0
240,Ball Joint WY2000,7,9031,WY2000,0,0,0,NULL,0,0,0,0,20,0,0,0,NULL,0
241,Ball Joint WY3000,7,9030,WY3000,0,0,0,NULL,0,0,0,0,30,0,0,0,NULL,0
536,OLIVE OLIVERSP,4,117,OLIVERSP,0,0,0,,0,15,8,1,0,0,0,0,NULL,0
202,Ball Joint WE2503,7,9036,WE2503,0,0,0,NULL,0,0,0,0,25,0,0,0,NULL,0
552,BAR35BMS,13,RACK 1,BAR35BMS,0,0,0,NULL,0,0,0,0,0,0,0,0,NULL,0
553,BAR36SS,13,1,BAR36SS,0,0,0,NULL,0,0,0,0,0,0,0,0,NULL,0
554,BAR37NYLW,13,1,BAR37NYLW,0,0,0,NULL,0,0,0,0,0,0,0,0,NULL,0
555,BAR38ALUM,13,1,BAR38ALUM,0,0,0,NULL,0,0,0,0,0,0,0,0,NULL,0
556,BAR44SS,13,RACK 2,BAR44SS,0,0,0,NULL,0,0,0,0,0,0,0,0,NULL,0
557,BAR50BMS,13,1,BAR50BMS,0,0,0,NULL,0,0,0,0,0,0,0,0,NULL,0
558,BAR58DIALB,13,1,BAR58DIALB,0,0,0,NULL,0,0,0,0,0,0,0,0,NULL,0
559,BAR60TS,13,1,BAR60TS,0,0,0,NULL,0,0,0,0,0,0,0,0,NULL,0
560,BAR625A,13,1,BAR625A,0,0,0,NULL,0,0,0,0,0,0,0,0,NULL,0
561,BAR875A,13,1,BAR875A,0,0,0,NULL,0,0,0,0,0,0,0,0,NULL,0
562,BUSH1238NY,13,1,BUSH1238NY,0,0,0,NULL,0,0,0,0,0,0,0,0,NULL,0
563,CHAN12558A,13,1,CHAN12558A,0,0,0,NULL,0,0,0,0,0,0,0,0,NULL,0
564,HEX0750MS,13,1,HEX0750MS,0,0,0,NULL,0,0,0,0,0,0,0,0,NULL,0
565,HEX0875MS,13,1,HEX0875MS,0,0,0,NULL,0,0,0,0,0,0,0,0,NULL,0
566,HEX112SS,13,1,HEX112SS,0,0,0,NULL,0,0,0,0,0,0,0,0,NULL,0
567,HEX17MS,13,1,HEX17MS,0,0,0,NULL,0,0,0,0,0,0,0,0,NULL,0
568,"ROD1-1/2"" AL2011T3",13,RACK 1,"ROD1-1/2"" AL2011T3",0,0,0,NULL,0,0,0,0,0,0,0,0,NULL,0
569,"ROD1-3/8"" AL2011T3",13,2,"ROD1-3/8""AL2011T3",0,0,0,NULL,0,0,0,0,0,0,0,0,NULL,0
570,ROD1-3/8AL(DO NOT USE - MERGE),13,RACK 2,ROD1-3/8AL,0,0,0,NULL,0,0,0,0,0,0,0,0,NULL,0
571,"ROD1"" AL2011T3",13,RACK 1,"ROD1""AL2011T3",0,0,0,NULL,0,0,0,0,0,0,0,0,NULL,0
573,ROD10NY6.6,13,RACK 2,ROD10NY6.6,0,0,0,NULL,0,0,0,0,0,0,0,0,NULL,0
577,ROD18EN1A,13,RACK 2,ROD18EN1A,0,0,0,NULL,0,0,0,0,0,0,0,0,NULL,0
578,ROD22EN1A,13,RACK 2,ROD22EN1A,0,0,0,NULL,0,0,0,0,0,0,0,0,NULL,0
580,ROD25EN1A,13,RACK 2,ROD25EN1A,0,0,0,NULL,0,0,0,0,0,0,0,0,NULL,0
581,ROD35SS304,13,RACK 1,ROD35SS304,0,0,0,NULL,0,0,0,0,0,0,0,0,NULL,0
588,ROD ROD10CSHCP/M10 20mm,,,,,,,,,,,,,,,,,
589,P/SLEEVE BUTTON WASHERPROMOD10PVC,6,proto,WASHERPROMOD10PVC,0,0,0,,0,0,0,0,10,0,0,0,NULL,0
487,ROD TUBE TUB10SS4/2mmExtended,3,Rack 1,TUB10SS4/2mmExtended,0,0,0,,0,10,0,0,0,0,0,0,NULL,0
626,BRG HOUSING BRGHOUS1028,9,228,BRGHOUS1028,0,7.5,26,,0,24,10,18,0,0,0,0,NULL,0
615,OUTER BRG OUT22A,5,406,OUT22A,0,0,0,,0,34,22,23.5,0,0,0,0,NULL,0
614,VALVE BLOCK PORTBLK22,8,419,PORTBLK22,0,0,0,,0,38,8,88,0,0,0,0,NULL,0
616,INNER BRG IN22A,9,404,IN22A,0,0,0,,0,34,22,11,0,0,0,0,NULL,0
572,"ROD1"" AL2011T3(DO NOT USE-MERGE)",13,2,"ROD1""AL2011T3",0,0,0,NULL,0,0,0,0,0,0,0,0,NULL,0
575,"ROD11/16""AL2011T3",13,2,"ROD11/16""AL2011T3",0,0,0,NULL,0,0,0,0,0,0,0,0,NULL,0
574,ROD11/16-AL(DO NOT USE -MERGE),13,RACK 2,ROD11/16-AL,0,0,0,NULL,0,0,0,0,0,0,0,0,NULL,0
451,PROTECTION SLEEVE PSTUB10SS,10,Rack 1,TUB10SS,0,0,0,,0,23,20,0,0,0,0,0,NULL,0
776,GLOS8-18 LOCKING SLEEVE TUBE,10,RACK 2,TUB10SS,0,0,0,,0,0,0,0,0,0,0,0,NULL,0
576,"ROD13/16""AL2011T3",13,2,"ROD13/16""AL2011T3",0,0,0,NULL,0,0,0,0,0,0,0,0,NULL,0
579,ROD22SS304,13,RACK 2,ROD22SS304,0,0,0,NULL,0,0,0,0,0,0,0,0,NULL,0
582,"ROD9/16""AL2011T3",13,2,"ROD9/16""AL2011T3",0,0,0,NULL,0,0,0,0,0,0,0,0,NULL,0
509,SAFETY STAY TUBE STOP MOD8SSTS,6,127,MOD8SSTS,0,0,0,,0,0,0,0,6,0,0,0,NULL,0
203,Ball Joint WE2504,7,9030,WE2504,0,0,0,NULL,0,0,0,0,25,0,0,0,NULL,0
630,END BLOCK EB1038S10(NOON),12,634,EB1038S10-1MM,0,0,0,,0,24,4,27,6,0,0,0,NULL,0
631,NNER TUBE TUB10SS(NOON),11,Rack 1,TUB10SS,0,0,0,,0,23,20,14,0,0,0,0,NULL,0
644,ROD O-RING ORT100801V,4,625,ORT100801V,0,0,0,,0,10,8.5,1,0,0,0,0,NULL,0
647,OUTER BRG OUT1410IGUSCS,5,244,OUT1410IGUSCS,0,0,0,,0,24,10.5,6.5,0,0,0,0,NULL,0
654,PISTON PIS8A(6.5 thread),1,113,,,,,,,,,,,,,,,
648,VALVE BLOCK MOT1028VBCSM8,8,655,MOT1028VBCSM8,0,10.5,0,,0,14,2,0,19.5,0,0,0,NULL,0
649,END BLOCK MOT1028EBCSM8,12,661,MOT1028EBCSM8,0,0,0,,0,24,16,24,0,0,0,0,NULL,0
788,P/SLEEVE BUTTON PSB10SS304M83,6,239,PSB10SS304M83,0,0,0,,0,0,0,0,3,0,0,0,NULL,0
497,Cutdown Rose Joints ASPE3600  - 32mm CF,7,9000,Cutdown ASPE3600,0,0,0,,0,0,0,0,32,0,0,0,NULL,0
633,ROD ROD08SSHCP/M8-8mm,3,Rack 1,ROD08SSHCP/M8-8mm,0,0,0,,0,8,0,0,0,0,0,0,NULL,0
645,SEAL VITON SEAL10V,4,208,SEAL10V,0,0,0,,0,20,10,7,0,0,0,0,NULL,0
204,Ball Joint WE2505,7,32,WE2505,0,0,0,NULL,0,0,0,0,25,0,0,0,NULL,0
506,LOCK NUT M10 HNUTSSM8,6,127,HNUTSSM8,0,0,0,,0,0,0,0,5,0,0,0,NULL,0
507,SAFETY STAY CUP MOD8SSC,6,126,MOD8SSC,0,0,0,,0,0,0,0,16,0,0,0,NULL,0
641,PIN PIN08020,6,7101,PINS08020,0,0,0,,0,0,0,0,0,0,0,0,NULL,0
646,VALVE BLOCK SV14SSM10 SS TEST POINT,8,BGS,SV14SSM10SSTEST,0,0,0,,0,28,24,18,27,0,0,0,NULL,0
638,VALVE BLOCK SV14SSM10STECK,8,BGS,SV14SSM10STECK,0,0,0,,0,24,2,18,23,0,0,0,NULL,0
639,SIDE VALVE VENT SCREW,6,BGS,SVVENTSCREW,0,0,0,,0,0,0,0,0,0,0,0,NULL,0
653,PSEUDONYM Prefix GV,0,N/A,Prefix GV,0,0,0,,0,0,0,0,0,0,0,0,NULL,0
39,PISTON PIS10A,1,213,PIS10A,0,0,0,NULL,0,20,0,8,0,0,0,0.7,NULL,0
636,PROTECTION SLEEVE TUB3834S,10,Rack 1,TUB3834S,0,0,0,,0,0,0,0,0,0,0,0,NULL,0
452,VALVE BLOCK NEW10SV,8,202,SV10SSM8,0,0,0,,0,20,2,15,10,0,0,0,NULL,0
650,ROD ROD10SSHCP/M6,3,RACK 1,ROD10SSHCP/M6,0,0,0,,0,10,0,0,0,0,0,0,NULL,0
652,SIDEVALVE  NEW10SV,8,244,SV10SSM6,0,0,0,,0,20,2,15,10,0,0,0,NULL,0
643,END BLOCK MO8EBSS8,8,9040,MO8EBSS8,0,0,0,,0,16,0.1,12,0,0,0,0,NULL,0
637,P/SLEEVE BUTTON PSB1028SS304M10,6,243,PSB1028SS304M10,0,0,0,,0,0,0,0,8,0,0,0,NULL,0
628,PISTON PIS102038SSV(NOON),1,632,PIS102038SSV-2MM,0,7,0,,0,20,0,38.5,0,0,0,0,NULL,0
629,ROD TUBE TUB10SS4/THREAD12MM,3,RACK 1,TUB10SS4/THREAD12MM,0,0,0,,0,10,0,0,0,0,0,0,NULL,0
651,GRUB SCREW M4SOC6CO,6,105,M4SOC6CO,0,0,0,,0,0,0,0,0,0,0,0,NULL,0
454,ROD ROD10CSHCP,3,Rack 1,ROD10CSHCP,0,0,0,,0,10,0,0,0,0,0,0,NULL,0
632,VALVE BLOCK VB08SS8,8,115,VB08SS8,0,0,0,,0,16,2,12,0,0,0,0,NULL,0
169,Rose Joints ASPS2700,7,79,ASPS2700,0,0,0,NULL,0,0,0,0,27,0,0,0,NULL,0
68,OUTER BRG OUT10IGUS,5,225,OUT10IGUS,0,0,0,NULL,0,20,10.5,7,0,0,0,0,NULL,0
174,Eye Joint AWN2500,7,9030,AWN2500,0,0,0,NULL,0,0,0,0,25,0,0,0,NULL,0
176,Fork Joint  GE2000,7,7,GE2000,0,0,0,NULL,0,0,0,0,20,0,0,0,NULL,0
790,ROD SEAL SEAL06V,5,10,SEAL06V,0,0,0,,0,13,6,4,0,0,0,0,NULL,0
640,SEAL SEAL1020DL (IN HOUS),,,,,,,,,,,,,,,,,
90,SPACER IN10S,9,223,IN10S,0,0,0,NULL,0,20,12,4.5,0,0,0,0,NULL,0
111,IGUS BEARING BRGIGUS0608,4,2,BRGIGUS0608,0,0,0,NULL,0,0,0,0,0,0,0,0,NULL,0
408,VALVE BLOCK VB06SS,8,25,VB06SS,0,0,0,NULL,0,13,2,9.5,0,0,0,0,NULL,0
93,SPACER IN06S,9,13,IN06S,0,0,0,NULL,0,13,8,4,0,0,0,0,NULL,0
108,IGUS BEARING BRGIGUS1012,4,200,BRGIGUS1012,0,0,0,NULL,0,0,0,0,0,0,0,0,NULL,0
123,Eye Joint AA1601,7,9030,AA1601,0,0,0,NULL,0,0,0,0,16,0,0,0,NULL,0
135,Eye Joint AE1600,7,20,AE1600,0,0,0,NULL,0,0,0,0,16,0,0,0,NULL,0
124,Eye Joint AA2000,7,9036,AA2000,0,0,0,NULL,0,0,0,0,20,0,0,0,NULL,0
210,Ball Joint WN1600,7,9035,WN1600,0,0,0,NULL,0,0,0,0,16,0,0,0,NULL,0
125,Eye Joint AA2600,7,9030,AA2600,0,0,0,NULL,0,0,0,0,23,0,0,0,NULL,0
367,TUBE TUB08SS,2,Rack 1,TUB08SS,0,0,0,NULL,0,18,16,0,0,0,0,0,NULL,0
789,SAFETY STAY TUBE STOP MOD10SSTS,6,229,MOD10SSTS,0,0,0,,0,0,0,0,6,0,0,0,NULL,0
793,PROTECTION SLEEVE BUTTON,6,659,PSBTS1028SS304,0,0,0,,0,0,0,0,5,0,0,0,NULL,0
792,VALVE BLOCK,8,660,VBTS1028SS304M8L,0,10.5,11.7,,0,14,2,0,19.5,0,0,0,NULL,0
126,Eye Joint AA2601,7,9030,AA2601,0,0,0,NULL,0,0,0,0,26,0,0,0,NULL,0
383,ROD ROD08SSHCP/M8-10mm,3,Rack 1,ROD08SSHCP/M8-10mm,0,0,0,NULL,0,8,0,0,0,0,0,0,NULL,0
390,VALVE BLOCK VB08SS,8,115,VB08SS,0,0,0,NULL,0,16,2,12,0,0,0,0,NULL,0
791,O-RING 061015V,4,3,OR061015V,0,0,0,,0,13,10,0,0,0,0,0,NULL,0
397,VALVE BLOCK VB14SS,8,323,VB14SS,0,0,0,,0,24,2,18,0,0,0,0,NULL,0
127,Eye Joint AA3000,7,9,AA3000,0,0,0,NULL,0,0,0,0,30,0,0,0,NULL,0
117,OUTER BRG BRG1038SS,5,633,BRG1038SS,0,0,0,NULL,0,34,10.5,20,0,0,0,0,NULL,0
436,END BLOCK EB1038S10,12,634,EB1038S10,0,0,0,,0,24,4,28,6,0,0,0,NULL,0
355,TUBE TUB14SS,2,Rack 1,TUB14SS,0,0,0,NULL,0,28,24,0,0,0,0,0,NULL,0
484,INNER TUBE TUB08SS,11,Rack 1,TUB08SS,0,0,0,,0,18,16,13,0,0,0,0,NULL,0
138,Eye Joint AE1901,7,31,AE1901,0,0,0,NULL,0,0,0,0,19,0,0,0,NULL,0
139,Eye Joint AE1906,7,9030,AE1906,0,0,0,NULL,0,0,0,0,19,0,0,0,NULL,0
184,Fork Joint  GS2000,7,196,GS2000,0,0,0,NULL,0,0,0,0,20,0,0,0,NULL,0
486,INNER TUBE TUB10SS,11,Rack 1,TUB10SS,0,0,0,,0,23,20,13,0,0,0,0,NULL,0
191,Ball Joint PLS4M6,7,187,PLS4M6,0,0,0,NULL,0,0,0,0,18,0,0,0,NULL,0
140,Eye Joint AE2000,7,9035,AE2000,0,0,0,NULL,0,0,0,0,20,0,0,0,NULL,0
485,ROD SEAL INNER SEAL10203N,4,212,SEAL10203N,0,0,0,NULL,0,20,10,3.5,0,0,0,0,NULL,0
193,Ball Joint WCE2501,7,179,WCE2501,0,0,0,NULL,0,0,0,0,25,0,0,0,NULL,0
141,Eye Joint AE2012,7,9035,AE2012,0,0,0,NULL,0,0,0,0,20,0,0,0,NULL,0
197,Ball Joint WE2202,7,9035,WE2202,0,0,0,NULL,0,0,0,0,22,0,0,0,NULL,0
784,O-RING VB OR107127S90,4,135,OR107127S90,0,0,0,,0,4,1.07,1.27,0,0,0,0,NULL,0
147,Eye Joint AL2305,7,195,AL2305,0,0,0,NULL,0,0,0,0,23,0,0,0,NULL,0
198,Ball Joint WE2203,7,6301,WE2203,0,0,0,,0,0,0,0,22,0,0,0,NULL,0
200,Ball Joint WE2501,7,72,WE2501,0,0,0,NULL,0,0,0,0,25,0,0,0,NULL,0
211,Ball Joint WN1800,7,9035,WN1800,0,0,0,NULL,0,0,0,0,18,0,0,0,NULL,0
212,Ball Joint WN1801,7,207,WN1801,0,0,0,NULL,0,0,0,0,18,0,0,0,NULL,0
213,Ball Joint WN2000,7,9030,WN2000,0,0,0,NULL,0,0,0,0,20,0,0,0,NULL,0
216,Ball Joint WN2502,7,9030,WN2502,0,0,0,NULL,0,0,0,0,25,0,0,0,NULL,0
219,Ball Joint WNM6,7,9032,WNM6,0,0,0,NULL,0,0,0,0,18,0,0,0,NULL,0
220,None M5,7,0,M5,0,0,0,NULL,0,0,0,0,0,0,0,0,NULL,0
148,Eye Joint AL2306,7,195,AL2306,0,0,0,NULL,0,0,0,0,23,0,0,0,NULL,0
150,Eye Joint AS1900,7,24,AS1900,0,0,0,NULL,0,0,0,0,19,0,0,0,NULL,0
152,Eye Joint AS1905,7,95,AS1905,0,0,0,NULL,0,0,0,0,19,0,0,0,NULL,0
154,Eye Joint AS2305,7,212,AS2305,0,0,0,NULL,0,0,0,0,23,0,0,0,NULL,0
155,Eye Joint AS2500,7,9032,AS2500,0,0,0,NULL,0,0,0,0,25,0,0,0,NULL,0
158,Eye Joint AS2705,7,219,AS2705,0,0,0,NULL,0,0,0,0,27,0,0,0,NULL,0
160,Eye Joint AS2710,7,80,AS2710,0,0,0,NULL,0,0,0,0,27,0,0,0,NULL,0
164,Rose Joints ASPE3600,7,89,ASPE3600,0,0,0,NULL,0,0,0,0,36,0,0,0,NULL,0
170,Rose Joints ASPS3600,7,45,ASPS3600,0,0,0,NULL,0,0,0,0,36,0,0,0,NULL,0
173,Rose Joints ASPY3600,7,9031,ASPY3600,0,0,0,NULL,0,0,0,0,36,0,0,0,NULL,0
180,Fork Joint  GE3201,7,21,GE3201,0,0,0,NULL,0,0,0,0,32,0,0,0,NULL,0
181,Fork Joint  GE3202,7,3,GE3202,0,0,0,NULL,0,0,0,0,32,0,0,0,NULL,0
186,Fork Joint  GS3201,7,15,GS3201,0,0,0,NULL,0,0,0,0,32,0,0,0,NULL,0
188,Fork Joint  GS4800,7,189,GS4800,0,0,0,NULL,0,0,0,0,48,0,0,0,NULL,0
783,O-RING OR08S1315,4,133,OR08S1315,0,0,0,,0,16,13,1.5,0,0,0,0,NULL,0
192,Ball Joint PLS4M8,7,154,PLS4M8,0,0,0,NULL,0,0,0,0,20,0,0,0,NULL,0
194,Ball Joint WCS2500,7,182,WCS2500,0,0,0,,0,0,0,0,25,0,0,0,NULL,0
195,Ball Joint WE1801,7,13,WE1801,0,0,0,NULL,0,0,0,0,18,0,0,0,NULL,0
795,ROD ROD10SSHCP/10mm/8MM,3,RACK 1,ROD ROD10SSHCP,0,0,0,,0,10,0,0,0,0,0,0,NULL,0
129,Eye Joint AB15120,7,9036,AB15120,0,0,0,NULL,0,0,0,0,15,0,0,0,NULL,0
602,O-RING OR222803V,4,431,OR222803V,0,0,0,,0,34,28,3,0,0,0,0,NULL,0
361,ROD TUBE TUB1004SSHCP/Thread15mm,3,Rack 1,TUB1004SSHCP,0,0,0,,0,10,0,0,0,0,0,0,NULL,0
130,Eye Joint AB2300,7,9031,AB2300,0,0,0,NULL,0,0,0,0,23,0,0,0,NULL,0
131,Ball Joint ADKG M10,7,9036,ADKG M10,0,0,0,NULL,0,0,0,0,30,0,0,0,NULL,0
132,Ball Joint ADKG M8,7,9036,ADKG M8,0,0,0,NULL,0,0,0,0,25,0,0,0,NULL,0
196,Ball Joint WE1900,7,185,WE1900,0,0,0,NULL,0,0,0,0,19,0,0,0,NULL,0
449,BCP BCP08BL,6,U4,BCP08BL,0,0,0,NULL,0,0,0,0,0,0,0,0,NULL,0
199,Ball Joint WE2500,7,9036,WE2500,0,0,0,NULL,0,0,0,0,25,0,0,0,NULL,0
317,O-RING OR10,4,222,OR10,0,0,0,NULL,0,20,15,2.5,0,0,0,0,NULL,0
362,TUBE TUB10SS,2,Rack 1,TUB10SS,0,0,0,NULL,0,23,20,0,0,0,0,0,NULL,0
798,MODEL 6 FRICTION LOCK GAS SPRING BEARING,9,129,BRGH1506$S$-GFL,0,0,0,,0,15,6,11,0,0,0,0,NULL,0
221,None M6,7,0,M6,0,0,0,NULL,0,0,0,0,0,0,0,0,NULL,0
226,Ball Joint WS2200,7,29,WS2200,0,0,0,NULL,0,0,0,0,22,0,0,0,NULL,0
799,MODEL 6 FRICTION LOCK GAS SPRING NUT,5,130,NUT1506$S$-GFL,0,0,0,,0,15,6,0,10,0,0,0,NULL,0
382,ROD ROD10SSHCP/10mm,3,Rack 1,ROD10SSHCP/10mm,0,0,0,,0,10,0,0,0,0,0,0,NULL,0
801,SEAL061003HECO,6,715,SEAL061003HECO,0,0,0,,0,10,6,0,0,0,0,0,NULL,0
794,PISTON PIS10A8MM,1,213,PIS10A,0,0,0,,0,20,0,8,0,0,0,0.7,NULL,0
470,PSEUDONYM Prefix GS,0,n/a,Prefix GS,0,0,0,,0,0,0,0,0,0,0,0,NULL,0
402,VALVE BLOCK VB102838SS10,8,606,VB102838SS10,0,10.5,0,NULL,0,14,2,0,19.5,0,0,0,NULL,0
493,PSEUDONYM RF 1mm,0,n/a,PSEUDONYM RF 1mm,0,0,0,NULL,0,0,0,1,0,0,0,0,NULL,0
785,SEAL SEAL08S,5,134,SEAL08S,0,0,0,,0,16,8,6,0,0,0,0,NULL,0
503,Ball Joint WS3534,7,5312,WS3534,0,0,0,,0,0,0,0,35,0,0,0,NULL,0
505,Eye Joint AE2700 - Drill 10.2mm,7,35,AE2700-10.2mm,0,0,0,,0,0,0,0,27,0,0,0,NULL,0
800,MODEL 6 FRICTION LOCK GAS SPRING OLIVE,5,131,LIN1006$PEEK$-GFL,0,0,0,,0,10,6,0,4.5,0,0,0,NULL,0
414,PLUNGER PLUN06SS,4,17,PLUN06SS,0,0,0,NULL,0,0,0,0,0,0,0,0,NULL,0
796,ROD ROD10SSHCP/M8/15mm,3,RACK 1,ROD ROD10SSHCP,0,0,0,,0,10,0,0,0,0,0,0,NULL,0
518,Ball Joint WE2203 - Cut Down to 20mm,7,6301,WE2203 - Cut Down to 20mm,0,0,0,,0,0,0,0,20,0,0,0,NULL,0
642,Ball Joint WCS2200,,,,,,,,,,,,,,,,,
797,Ball Joint WE2203 - Cut Down to 18mm,7,6301,WE2203 - Cut Down to 18mm,0,0,0,,0,0,0,0,18,0,0,0,NULL,0
315,O-RING VB OR107127N90,4,1,OR107127N90,0,0,0,NULL,0,4,1.07,1.27,0,0,0,0,NULL,0
145,Eye Joint AE401401,7,9031,AE401401,0,0,0,NULL,0,0,0,0,40,0,0,0,NULL,0
161,Eye Joint AS421400,7,5010,AS421400,0,0,0,,0,0,0,0,42,0,0,0,NULL,0
166,Rose Joints ASPE5700,7,184,ASPE5700,0,0,0,NULL,0,0,0,0,57,0,0,0,NULL,0
172,Rose Joints ASPS5700,7,202,ASPS5700,0,0,0,NULL,0,0,0,0,57,0,0,0,NULL,0
183,Fork Joint  GE5500,7,2,GE5500,0,0,0,NULL,0,0,0,0,56,0,0,0,NULL,0
189,Fork Joint  GS5600,7,34,GS5600,0,0,0,NULL,0,0,0,0,56,0,0,0,NULL,0
208,Ball Joint WE4500,7,84,WE4500,0,0,0,NULL,0,0,0,0,45,0,0,0,NULL,0
416,VALVE PLUG PLUG06A,4,7,PLUG06A,0,0,0,NULL,0,0,0,0,0,0,0,0,NULL,0
508,SAFETY STAY NUT MOD8SSN,6,126,MOD8SSN,0,0,0,,0,0,0,0,0,0,0,0,NULL,0
409,VALVE BLOCK VB06CS,8,15,VB06CS,0,0,0,NULL,0,13,2,9.5,0,0,0,0,NULL,0
611,SEAL SEAL08V,5,103,SEAL08V,0,0,0,,0,16,8,6,0,0,0,0,NULL,0
538,O-RING VB VITON OR107127V75,4,1,OR107127V75,0,0,0,,0,4,1.07,1.27,0,0,0,0,NULL,0
612,O-RING OR081315V,4,101,OR081315V,0,0,0,,0,16,13,1.5,0,0,0,0,NULL,0
627,Ball Cup WCS1800,7,5303,WCS1800,0,0,0,,0,0,0,0,18,0,0,0,NULL,0
786,ROD ROD08CSHCP/M8-11MM,3,RACK 1,ROD08CSHCP,0,0,0,,0,8,0,0,0,0,0,0,NULL,0
480,PSEUDONYM Prefix GE,0,n/a,Prefix GE,0,0,0,NULL,0,0,0,0,0,0,0,0,NULL,0
400,VALVE BLOCK VB10SS08,8,215,VB10SS08,0,0,0,,0,20,2,16,0,0,0,0,NULL,0
134,Eye Joint AE15121,7,9032,AE15121,0,0,0,NULL,0,0,0,0,15,0,0,0,NULL,0
512,WELDED EYE END AB16,7,0,WELDED-AB16,0,0,0,,0,0,0,0,0,0,0,0,NULL,0
528,WS3000 - 2.5mm cut down,7,0,WS3000 - 2.5mm cut down,0,0,0,,0,0,0,0,27.5,0,0,0,NULL,0
542,Fork Joint GE3201-M10,7,6202,Modified GE3201-M10,0,0,0,,0,0,0,0,32,0,0,0,NULL,0
591,Eye Joint AS2700 Cut Down to 20mm,7,17,AS2700-20mm,0,0,0,,0,0,0,0,20,0,0,0,NULL,0
635,EYE JOINT AS1900 TAP M10,7,24,AS1900 TAP M10,0,0,0,,0,0,0,0,19,0,0,0,NULL,0
802,GLOS10-23 LOCKING SLEEVE ROCKER M8,6,246,LO230816S4M8-ROCK,0,0,0,,0,28,8,0,16,0,0,0,NULL,0
804,GLOS10-23 LOCKING SLEEVE TUBE,10,RACK 2,TUB14SS,0,0,0,,0,28,24,0,0,0,0,0,NULL,0
803,GLOS10-23 LOCKING SLEEVE ROCKER M10,6,247,LO230816S4M10-ROCK,0,0,0,,0,28,8,0,16,0,0,0,NULL,0
